createTime,orderId,payAmount,payType,isMPD,source
1392175846461,"11038015",685.0,1,true,"hheweb"
1392178602985,"11038017",1314.0,1,true,"hheweb"
1397196353203,"11039709",1200.0,1,true,"hheweb"
1397196810158,"11039713",2610.0,1,true,"hheweb"
1397197039174,"11039709",1200.0,2,true,"hheRes"
1401345059229,"11044369",1060.0,1,,"hheweb"
1403145878070,"11048845",3360.0,1,,"hheweb"
1403228239834,"11048845",3360.0,2,,"hheRes"
1404703398459,"11057727",1400.0,1,true,"ios"
1405907501029,"11067945",1220.0,1,true,"ios"
1405934109840,"11068616",1220.0,1,true,"ios"
1407232430915,"11082564",1220.0,1,true,"hheRes"
1416454777589,"11193580",2850.0,1,,"ios"
1416462284368,"11193580",2850.0,2,,"hheRes"
1416462364974,"11193802",3450.0,1,true,"ios"
1418780292786,"11219360",790.0,1,true,"ios"
1418888609134,"11220920",790.0,1,true,"ios"
1421116601727,"11246085",836.0,1,true,"ios"
1423720729784,"11266580",669.0,1,,"ios"
1423725217316,"11266580",669.0,2,,"hheRes"
1421136233931,"11246085",207.0,1,true,"infManager"
1427864940188,"11280020",1340.0,1,,"ios"
1427945034269,"11280020",1340.0,2,,"hheRes"
1429169612171,"11285048",1746.0,1,,"ios"
1429170397039,"11285056",1990.0,1,,"ios"
1429174309048,"11285101",785.0,1,,"ios"
